Workbook

Sheet corp_emissions
A1: Company_ID | B1: Year | C1: Scope1_tCO2e | D1: Scope2_tCO2e | E1: Scope3_tCO2e
A2: 0 | B2: 2022 | C2: 831000 | D2: 276000 | E2: 23100000
A3: 1 | B3: 2022 | C3: 51412.28 | D3: 0 | E3: 0
A4: 2 | B4: 2022 | C4: 5077 | D4: 3694 | E4: 144320
A5: 3 | B5: 2022 | C5: 43 | D5: 59 | E5: 15271
A6: 4 | B6: 2023 | C6: 406000 | D6: 1433000 | E6: 127371000
A7: 5 | B7: 2021 | C7: 6800000 | D7: 376000 | E7: 66200000
A8: 6 | B8: 2021 | C8: 231 | D8: 2212 | E8: 15792
A9: 7 | B9: 2022 | C9: 17300 | D9: 20800 | E9: 11900000
A10: 8 | B10: 2022 | C10: 37000000 | D10: 2000000 | E10: 0
A11: 9 | B11: 2021 | C11: 6177 | D11: 24214 | E11: 442215
A12: 10 | B12: 2022 | C12: 202290 | D12: 161907 | E12: 1696100
A13: 11 | B13: 2022 | C13: 1500000 | D13: 1900000 | E13: 447200000
... A101: 99 | B101: 2022 | C101: 1315 | D101: 4150 | E101: 12690

Sheet Calculations
A1: Company_ID | B1: Scope1_tCO2e | C1: Scope2_tCO2e | D1: Scope3_tCO2e | E1: Total_Emissions | F1: Scope1_pct | G1: Scope2_pct | H1: Scope3_pct
A2: 4 | B2: 406000 | C2: 1433000 | D2: 127371000 | E2: =B2+C2+D2 -> 129210000 | F2: =B2/E2 -> 0.0031421717 | G2: =C2/E2 -> 0.011090473 | H2: =D2/E2 -> 0.98576736
A3: 13 | B3: 1216 | C3: 19079 | D3: 0 | E3: =B3+C3+D3 -> 20295 | F3: =B3/E3 -> 0.059916236 | G3: =C3/E3 -> 0.94008376 | H3: =D3/E3 -> 0
A4: 15 | B4: 387000 | C4: 163000 | D4: 483188000 | E4: =B4+C4+D4 -> 483738000 | F4: =B4/E4 -> 0.00080001985 | G4: =C4/E4 -> 0.00033695926 | H4: =D4/E4 -> 0.99886302
A5: 16 | B5: 1090000 | C5: 2730000 | D5: 284410000 | E5: =B5+C5+D5 -> 288230000 | F5: =B5/E5 -> 0.0037817021 | G5: =C5/E5 -> 0.0094716025 | H5: =D5/E5 -> 0.9867467
A6: 26 | B6: 57175391 | C6: 8182542 | D6: 38190000 | E6: =B6+C6+D6 -> 103547933 | F6: =B6/E6 -> 0.55216352 | G6: =C6/E6 -> 0.07902178 | H6: =D6/E6 -> 0.3688147
A7: 42 | B7: 16 | C7: 67 | D7: 6356 | E7: =B7+C7+D7 -> 6439 | F7: =B7/E7 -> 0.0024848579 | G7: =C7/E7 -> 0.010405342 | H7: =D7/E7 -> 0.9871098
A8: 46 | B8: 27967 | C8: 18374 | D8: 659891 | E8: =B8+C8+D8 -> 706232 | F8: =B8/E8 -> 0.039600301 | G8: =C8/E8 -> 0.026016946 | H8: =D8/E8 -> 0.93438275
A9: 66 | B9: 1520000 | C9: 1270000 | D9: 3730000 | E9: =B9+C9+D9 -> 6520000 | F9: =B9/E9 -> 0.23312883 | G9: =C9/E9 -> 0.19478528 | H9: =D9/E9 -> 0.57208589
A10: 80 | B10: 95448 | C10: 49868 | D10: 0 | E10: =B10+C10+D10 -> 145316 | F10: =B10/E10 -> 0.65683063 | G10: =C10/E10 -> 0.34316937 | H10: =D10/E10 -> 0
A11: 89 | B11: 232381 | C11: 30842 | D11: 4526209 | E11: =B11+C11+D11 -> 4789432 | F11: =B11/E11 -> 0.048519532 | G11: =C11/E11 -> 0.0064395945 | H11: =D11/E11 -> 0.94504087
A12: 97 | B12: 3650000 | C12: 844000000 | D12: 392515000 | E12: =B12+C12+D12 -> 1240165000 | F12: =B12/E12 -> 0.0029431568 | G12: =C12/E12 -> 0.6805546 | H12: =D12/E12 -> 0.31650224

Sheet Dashboard
A1: Scope | B1: Emissions (tCO₂e)
A2: Scope_1 | B2: =SUM(Calculations!B:B) -> 64585419 | D2: Total Emissions (tCO₂e)
A3: Scope_2 | B3: =SUM(Calculations!C:C) -> 857896772 | D3: =SUM(Calculations!E:E) -> 2257078647
A4: Scope_3 | B4: =SUM(Calculations!D:D) -> 1334596456 | D4: Average Scope 3 Share (%)
A5: Total | B5: =SUM(Calculations!E:E) -> 2257078647 | D5: =AVERAGE(Calculations!H:H) -> 0.64502848
